a,e,i,c
41.30493934,0.02570883,12.7336892,13.785976096268907
47.54693131,0.29236585,12.68793084,18.797906080546
39.38363198,0.13894426,11.46171308,14.18946653414038
43.1653078,0.07348575,12.41009409,34.73709234987873
39.37795977,0.11110883,22.35193671,-0.8692799097783911
39.34073092,0.19248706,6.48959422,29.566390638967597
39.38059507,0.10894925,6.71172717,5.927463568409815
43.63454172,0.13622551,5.54182209,27.01372866585408
39.24012169,0.19423887,6.49525962,30.49366550287939
45.32835043,0.13241578,7.11624789,16.58942029375242
38.76065309,0.07126309,5.40561453,16.95966521346201
43.76441627,0.07622892,10.35921999,26.695210480142816
39.30621806,0.13352223,9.53134345,30.802263790077884
42.6538522,0.0799589,28.56716822,0.34350502822852597
190.33116553,0.79201025,16.79666443,11.59687179841377
67.83513571,0.43842779,43.99290474,2.3392689108881743
40.88321562,0.08388938,24.1208265,6.409735544013964
38.85120184,0.06537406,24.83740424,18.245323059804477
61.99828326,0.39319967,6.4818817,10.708545746592284
174.5762186,0.83243949,6.17510434,27.434824535953062
111.83979175,0.67009049,14.02968792,17.348969845916617
41.50990375,0.02250604,19.27181105,17.75014333439199
92.24350389,0.64156956,16.27526236,6.85742800400575
75.65851027,0.38936448,26.47961314,17.956269624241706
42.22670829,0.17477196,9.37736878,27.597098141202775
47.93847797,0.29159009,31.37960944,17.665993205828947
30.23468425,0.30054513,36.10094024,5.88547245934007
57.12094688,0.40809947,6.54070705,9.923793771760952
41.52791593,0.13142376,22.2774871,10.692807518259402
45.78190467,0.03214039,26.54382199,13.227629634671375
39.40679718,0.24254605,18.797819,24.520014479932005
75.77336337,0.5127867,30.74120505,8.856512326927945
49.27794812,0.24857097,7.16803523,30.6239472679347
40.40860206,0.05845136,27.95428485,3.9519658751976974
46.76221947,0.29475513,13.84852353,20.111677051328343
42.99994476,0.17378295,28.69057288,-1.1906754240825559
46.86605,0.12161305,17.04837145,26.539582704940795
62.85632739,0.36495846,38.90087605,-2.4203818247646844
38.99976717,0.45955142,22.45242293,1.6024182524189985
30.16074518,0.01184812,9.63855292,17.84266206438075
42.26936122,0.19702387,9.6309869,29.77184881058996
39.38765951,0.13863209,9.57601248,7.077068329698659
47.69612374,0.17197325,19.28382564,11.967020319203842
55.07270603,0.30933231,26.78545973,12.331265858250816
39.48975153,0.07700229,30.12484855,21.801093644985535
46.09203813,0.11578406,15.66878613,24.028807933262016
76.52621432,0.51036509,23.68324435,3.6374786299584363
47.64798325,0.24564958,25.68891763,22.041007127841755
39.37856098,0.29032761,19.01345312,26.08860903062088
49.02636941,0.34367962,14.3202443,12.965886860491455
39.96711994,0.03263212,20.60295734,30.00096870774212
40.6445037,0.16946167,25.44137142,9.726801108689514
41.01962958,0.04246193,32.36972434,17.690286102866246
50.45549221,0.26341109,32.48915599,8.337066916818118
462.87142999,0.90059623,12.39967911,9.895834547260776
30.96754307,0.08340081,13.07883559,9.782871509373967
54.66040297,0.39372149,37.62948947,6.4522865067091235
45.82164397,0.16736959,18.98990868,11.269974941885149
40.20362274,0.10793801,23.15164855,8.24333949245018
38.86998871,0.11336248,38.96287204,3.6232672404862
39.55165402,0.22790872,8.70941049,17.378808984167954
46.4397436,0.20571223,20.35997796,14.91855712394422
42.20356008,0.25685769,21.93922683,24.14770189706662
39.41802985,0.27917408,43.51455814,6.123950207158698
172.69911226,0.78324523,34.99972097,9.519296851078247
39.24489923,0.251001,12.81870037,12.477274036283022
30.05636082,0.05721526,7.44983004,-5.013670096006146
32.3801417,0.08108492,11.11941924,5.6030291426304775
42.89518515,0.09592899,15.43393273,9.43249328373536
46.80491712,0.07561588,29.16933513,-5.856381125134371
37.64332971,0.09927659,12.1589567,17.61107157898972
97.20392989,0.6320473,32.68604433,6.2279061420125865
39.45154986,0.23282574,19.54609883,9.034941031870487
43.64831609,0.1518338,5.41706907,29.929018223041048
120.86270929,0.66901434,31.67468658,0.9734308515195862
40.55328387,0.0411907,13.41705432,4.110753844962518
45.90591042,0.13517263,35.63697211,11.089245888516094
48.02092402,0.39680679,28.28293614,13.767462747223453
42.863099,0.06474761,9.71520907,28.848676961688387
39.38998993,0.25825625,6.59581252,0.7453326478168557
62.63180241,0.42039218,20.45101623,26.60676678201771
47.33975916,0.20878296,16.55375358,28.061166210387505
38.23856451,0.09035946,22.72216042,11.530456249460817
90.9181979,0.5715467,43.52301885,5.521078563478927
39.33742532,0.1734846,5.3720006,1.8064660708625446
41.40322018,0.14522197,14.41096983,29.46443877553735
59.83538793,0.36453475,28.52304579,24.782257287809397
36.37683965,0.07274372,14.82192558,0.028893912871194093
44.31478786,0.0872985,35.79288403,4.0002404915455445
39.38025633,0.05662512,9.00633996,17.6411966178546
38.61170699,0.03989971,5.42670853,10.642443841427127
43.31517294,0.13171214,20.29949468,14.337144481356953
55.59630819,0.42842384,9.99693035,10.230416435516258
90.03792087,0.6317118,17.15312364,29.641215138553672
89.4854758,0.61696798,12.84859804,11.72070670171058
39.54035516,0.18562162,7.05687716,26.572851080781017
69.00940142,0.47833397,28.81724983,12.79838723514903
44.60432619,0.12539824,34.32228764,4.519397107814226
40.18596665,0.20160372,14.18565196,8.711767719109059
55.0320966,0.29489924,20.86650807,13.409633746151913
40.34141439,0.06179741,14.59537659,3.36211165619543
50.83114133,0.22227784,14.28529131,26.76840304046243
87.76797167,0.59813336,13.86305546,8.14528074752626
56.66263609,0.34961699,14.16572249,18.330840254913685
43.61396222,0.10330136,18.25558959,-0.16886320554122372
43.32581527,0.13116821,28.08558887,0.1706807729113004
42.53909907,0.15568784,32.30613358,17.080375020440293
45.33702787,0.15730542,15.17692354,4.299199415911449
46.31526109,0.34366076,14.38965201,13.280059416993787
38.74838751,0.07878829,24.57404125,-2.7249571766648324
72.31993668,0.55783912,12.22665684,5.353888960751102
40.36409949,0.07148217,18.20599914,33.15117526437006
45.60423229,0.19174341,32.22928677,5.095829357893942
38.97099949,0.11554562,31.47618574,-1.2136818125535147
42.42608949,0.12494091,8.80250466,32.20543038711755
42.93816233,0.1317337,13.28843966,0.44356801917888233
36.40395214,0.15118696,14.53811093,7.6567746729020225
46.74513801,0.16961577,21.61937729,41.6296387209925
51.23413729,0.31278783,38.51262403,7.599686632624218
39.48250719,0.1238484,12.32966308,6.4604193725605334
36.33035817,0.07264636,15.5286671,26.79644364405353
45.40100207,0.07329431,8.25869156,3.657963214461967
55.75454397,0.43496904,37.69020117,16.940723738973748
41.65458781,0.06461949,45.32691537,10.777864152578243
62.18999528,0.38880741,34.1639245,-4.685928037671081
62.69653905,0.21384961,29.49781065,2.234428730921149
38.33663865,0.04511639,32.12991731,4.711043399426379
50.20930421,0.28526889,37.7609822,22.673147780193876
46.34040445,0.24983233,15.27618767,8.45386591287835
50.44724703,0.26568711,34.08545187,13.865974585620256
60.66729419,0.38661657,14.30664752,20.91253712698777
45.66815192,0.1736623,10.7774898,33.165291712097776
65.2103434,0.44259658,18.28969351,30.518404621024796
40.32359672,0.10796064,24.16894566,-0.5355163917028343
103.0570395,0.65326576,26.0412632,3.180921483293083
54.86621587,0.33820318,22.94566127,13.764180349721777
42.0826969,0.06320425,12.62777899,11.20452737511552
48.24697669,0.25058247,31.65010818,2.005832821260269
61.20353497,0.41656362,25.25587551,19.366689160027683
56.60722282,0.37547012,11.58362657,13.726287232160974
43.26179481,0.18270166,33.04988785,25.90351102168853
44.71959706,0.10660171,43.25502629,19.04495532377491
41.04316929,0.06050475,28.28485897,18.464774811437966
43.66521506,0.08222214,5.71758049,23.71174656607304
68.14947942,0.50441345,11.56311021,5.7702231485061715
36.4632144,0.10247004,6.54936406,11.481901016703212
40.73906914,0.08494173,15.7874485,8.111418005913123
46.73361214,0.25540668,13.62002437,2.949251910816778
39.53012187,0.24402106,29.47599045,11.60232871362144
46.783957,0.26129312,27.94917975,8.746056704355718
44.89786883,0.19109916,31.19624995,6.935477099866592
41.26207129,0.04063744,12.80657303,2.356415392207171
45.56662801,0.46133797,10.75972309,2.5977498132811783
44.98583555,0.19567819,10.90025362,2.100186781461546
49.30668348,0.28403292,14.87411481,28.98009790458087
55.3642285,0.45232164,13.03172842,0.7092430466354541
40.58132014,0.10643354,28.88281071,9.541294091237024
41.07341465,0.06046545,26.4487869,17.216394379849227
46.29443245,0.1660726,8.47794424,13.440999486985985
43.23987743,0.07924555,11.7459248,20.86231747308796
40.34937671,0.0409174,20.55769759,2.592954405824583
38.30999668,0.0816883,33.32174183,13.00935922149414
44.73970076,0.12458285,9.48017108,10.32325228782879
44.16726885,0.15021401,21.88537769,36.83700457400265
34.81406745,0.07144126,5.39865133,9.517745368585121
45.91772464,0.13669545,19.58641392,14.58282903644681
42.30173163,0.13023629,6.45874244,29.082609569534323
43.66925233,0.24409993,31.27675809,13.57964909323882
75.6225846,0.42452144,39.84609459,14.619070598752021
39.34288122,0.0263585,37.67452661,7.345778608454384
43.06925688,0.00739986,7.98604113,24.43933001740807
61.60241355,0.38789797,20.5101234,9.636323129100449
46.61259702,0.17909431,8.03988361,10.67305213562285
37.90112025,0.05288595,19.38210985,29.19488268936736
47.88634006,0.21665396,15.45315765,11.038640426510554
43.61745973,0.27652572,7.34558075,23.949677352895442
43.48649049,0.18394664,7.41831521,20.96506660983577
314.38495321,0.87872156,6.50488761,19.240043322612003
52.27585608,0.25571269,11.40734824,3.161970036493986
45.30377305,0.17149528,16.89965968,3.931945560847942
43.62322787,0.04518666,6.48572183,26.722665212066477
43.21688962,0.04307442,12.72173928,12.734594470679356
39.35062866,0.219608,9.85156109,3.9819750697364973
50.64718026,0.31535495,24.49681576,38.26867523460208
39.35715278,0.15298854,11.59985245,5.321160262615877
51.66964625,0.21857988,38.6681899,32.58614183878757
91.67242762,0.61641661,29.54838505,11.725999630870906
42.69300251,0.1053799,22.47065647,17.105498650231084
52.87656789,0.38362123,29.92055869,-0.11544299424742353
46.25625591,0.03521344,24.06876363,38.41531564322106
47.2505529,0.19666949,26.37803593,22.71013581731081
40.02598818,0.0733801,14.74266516,9.793563010120753
43.906992,0.15767846,32.37219985,18.74469202267645
54.27258188,0.31422651,45.10771667,13.107659019389104
38.14769191,0.31424863,13.47390791,-13.87349058929393
41.46763452,0.12331376,25.93241126,-4.963630929001849
38.27643583,0.0172275,19.83915925,19.097455850596315
39.42564877,0.18372644,14.54728149,11.795277264260411
39.3831305,0.28043025,10.36548562,14.641297533716113
46.09274992,0.17219342,11.22361358,14.119330607896389
41.48762629,0.12243928,23.55666563,13.814653450820256
43.0333879,0.19563022,11.62480399,26.559180583477847
76.86244758,0.78705767,50.79467424,3.907441891827093
39.4991697,0.16023777,14.93633963,17.553798630082998
55.61083156,0.46641326,20.59916128,13.533132660607858
44.24578781,0.11974088,11.27365629,17.588791656097843
44.24747997,0.13486128,19.63810981,41.241757845980516
47.60616749,0.21814646,8.18047393,21.89784333309465
42.51482077,0.16236499,11.00345077,11.66965436176105
61.5308671,0.37684155,5.46667495,10.796351350228859
47.58319829,0.31662625,15.09149701,36.843571773175896
48.25633538,0.26046574,29.84096847,15.413408082616709
39.46270696,0.23085009,9.36991508,12.193223448587647
39.30045063,0.17136041,9.87381829,28.357787061133216
45.63879749,0.18521404,10.85808357,11.20238032478136
40.64203895,0.09783295,21.61493237,10.906206898911408
39.39655878,0.16327449,14.62691029,39.551768240054905
47.47092425,0.25241755,5.95343722,31.12773960718395
47.62304218,0.1631729,18.58217303,6.885720351146242
42.30944397,0.25765462,11.55437925,26.071452109533546
47.85601846,0.25046256,11.92729502,27.28681233267499
51.93297299,0.28859694,27.37868186,12.342868626286082
42.77972332,0.10091257,10.71376193,18.836873905211775
56.69080339,0.35009291,37.11948572,12.663983655935315
46.4618451,0.2041617,12.5917668,20.5938528237261
43.66361076,0.05757206,6.62956761,24.15521286298617
30.08925257,0.08179032,18.60703582,46.399839671338086
39.30611006,0.20242451,18.84695748,22.472275458572128
40.23833922,0.0672051,22.88282446,8.827280315627046
47.72012753,0.25079805,8.72971835,-3.1140877842825136
46.46731262,0.16790801,9.54268033,22.939478497412125
69.67425077,0.47714486,12.60835944,6.5886069092625785
36.42274855,0.141479,12.00979365,24.95791682063391
39.29704627,0.19627954,6.84335664,6.671879249666642
53.04398268,0.37413954,9.98526806,6.137515649844529
43.42911219,0.01885738,5.29001514,19.12693176658443
88.62053945,0.62477666,19.28946245,33.21474039327625
45.36610505,0.22796326,17.72903215,11.430659697632766
39.27591933,0.18930534,9.16321282,4.83357913713171
42.94409374,0.0895161,5.04184607,38.12291207585671
79.60868516,0.52046323,31.18289609,20.82851768849729
43.14500715,0.09581904,13.7536695,4.773848393505975
42.59121517,0.14325316,23.20189052,10.71924336047485
43.53840556,0.09356235,10.01436797,10.881163948631823
44.01817562,0.13615258,10.31020506,-0.298674804574497
42.3253025,0.15766104,5.48190631,35.604242026832075
39.43755746,0.16271817,5.57773991,31.80668139740969
60.99517643,0.39700033,14.18987647,9.841483516806719
39.64000581,0.16647121,21.46764274,1.8023758226939905
33.59209262,0.3249385,24.3226364,13.042185491945494
44.04135125,0.11458074,19.25627489,12.281882134439797
42.51733365,0.11218181,5.90954093,21.545733754271282
39.28205998,0.16056432,14.88473857,4.707337762403863
43.40630714,0.16842398,20.6340534,13.51602505991554
111.21893508,0.67208156,31.14310927,15.482521448723121
39.62090877,0.05494944,6.13622894,12.243235520754013
39.43943877,0.1837924,6.91776811,19.535030934716808
88.7886327,0.5727313,25.21036015,15.743348321267108
50.36254565,0.27663821,19.58883259,20.543670325361827
69.26712263,0.51857175,36.58026463,16.559085021433344
39.3997822,0.24303951,24.95462014,30.16188819935215
43.48806961,0.0645183,11.13436265,21.863296041817488
36.08259,0.24569736,36.52341419,8.71509586344788
45.36753068,0.19211443,15.8862018,2.9380405378874057
30.12818348,0.06910293,13.15719981,39.91331951667354
43.33754409,0.06079828,8.54408233,23.239962898618515
47.30241482,0.2040657,38.80683546,2.7347135853565416
39.47586222,0.19801405,32.05269659,8.442738065209719
47.9578005,0.19721575,11.69863721,18.019182478935885
43.56170791,0.03226857,12.91674555,29.08287204081236
42.47647537,0.07843375,12.98946906,-11.161632553547316
42.76891571,0.11304802,27.34342072,1.8821786270742398
42.27465257,0.21240606,29.34137043,27.456084510640512
41.57978273,0.1112602,15.04049713,7.202656803008203
65.13945902,0.45068524,18.0004872,7.299446383469816
39.43652781,0.25213062,13.33252866,11.308249900347134
47.94105973,0.28436018,22.14473899,13.252486120340793
43.57907166,0.2835865,13.53504942,28.887827301830242
39.36110546,0.09882975,26.61540484,0.8940078599145767
45.44571571,0.14793426,9.68287805,21.31770416020697
43.78751205,0.15802858,7.01444736,21.46097191654505
41.59469219,0.30377803,13.56999671,13.738276272910635
45.63136942,0.09930547,6.67972143,31.267417563351156
55.5422298,0.43115547,8.59242546,13.263648236075747
39.3963815,0.24074067,7.74615865,14.595506115999008
44.2158778,0.08923712,5.53933256,17.632347711024657
47.8578135,0.29121775,11.73169456,31.681593186285927
44.0359653,0.15009665,15.78935559,8.290826047792004
47.71044033,0.26730564,13.43934806,11.718134605814253
39.2948256,0.11141151,5.71831586,42.79708791284397
61.56220361,0.42303172,28.5944797,13.424945045905082
39.47184673,0.07225502,9.31770301,31.23723424242079
39.46206166,0.15045973,13.80232047,27.046458562281472
39.39504986,0.20470483,16.20132688,43.225236216626065
100.12233275,0.63020324,20.21239314,10.102710929310442
39.57784617,0.21391598,13.62636514,18.340437155471058
39.37633814,0.28488785,11.18923881,5.49497132168095
100.55095281,0.65950339,13.88672355,9.342612801908661
40.50999537,0.05977427,16.64561412,8.71544610154804
39.41061966,0.1542686,10.61008139,5.9472992322162535
52.43307911,0.28154585,28.12423348,5.861832734833274
46.25566802,0.12106991,9.32806545,8.689722567059894
39.49530726,0.22608505,9.18536748,19.89120711266857
55.41768672,0.4489656,15.06811834,1.331099389388852
89.57187892,0.59936426,14.47424996,25.79025757686631
41.8316643,0.10638348,47.03372435,-13.481568574870433
40.59820137,0.09714152,22.90295989,45.04111331096804
42.74257305,0.17628796,28.92076653,8.321234692542683
46.61639449,0.24877718,20.73004056,7.023343080222379
44.36536012,0.09539417,11.24806664,13.490830592298334
61.96246773,0.43966816,29.48897974,13.598238407952213
141.06340563,0.76133625,13.04855134,11.381361306407852
55.40643757,0.34429898,23.67751078,20.74711214633362
43.12596332,0.18259415,27.41266723,-2.4325671611233646
66.32788095,0.44773659,7.29145449,34.88446078694199
69.08486965,0.50066124,18.98994016,31.901412983869744
41.26770107,0.04169891,26.35078029,7.818962936820613
45.90207661,0.20698466,30.50668068,4.954386058629919
42.26807717,0.15551149,18.52754497,34.55614739773573
53.69010873,0.36471419,30.45503527,0.986841346756169
47.60629345,0.15643562,15.64723537,8.583694116940633
37.99238023,0.07180258,31.45762722,14.588812547906791
36.91462801,0.13401109,13.16583753,22.273882486391347
37.95763078,0.04783543,26.70875593,29.408478717619534
46.10672745,0.18666281,39.98735807,4.965263494520965
48.72697492,0.2605699,26.28062247,18.356999196174446
44.92144045,0.15395284,16.94235756,4.802508728712177
43.50212996,0.15195365,5.17216154,59.28165021329379
46.1634034,0.28224125,20.69128858,24.53141302115974
30.10156916,0.10538241,18.83131852,-0.6167180162889643
76.57007522,0.52385585,24.30782041,8.256180924540002
65.13444035,0.48263656,25.70300445,13.141483391272308
67.90998149,0.37236608,42.22740275,9.052545357058676
93.87064835,0.57474604,28.28158604,5.321318746856593
47.00611637,0.08340891,37.88510655,-5.036448777582918
69.45972496,0.52689412,13.50331553,13.253935186338303
128.05248829,0.68487772,24.93766274,43.571499400506916
57.12785846,0.47386398,44.67437564,18.101076341302612
39.50477588,0.22348349,28.73183632,8.902401989275413
40.59286823,0.05729987,22.30411765,3.7452925982246343
41.25774172,0.10562428,19.34131873,16.627938779527582
43.52817808,0.26355743,21.2898153,11.902633232234978
40.89342757,0.05177366,42.12681224,16.49872572497479
43.72466558,0.2423836,26.03113748,18.893087358908588
79.57283753,0.54487425,23.38909471,8.6988482078764
43.26730764,0.15148329,31.50330486,4.344635494369889
41.90009995,0.17277983,26.37213588,18.84263351560621
133.28177905,0.74696541,28.50449849,9.890795536848758
205.24138927,0.87343925,26.12520563,8.920714169204036
49.16162925,0.23962058,19.91318135,9.857385455993654
45.59703344,0.14409009,6.46247879,32.05905067181955
41.9750154,0.1345474,26.03547593,5.421948222603461
42.82378948,0.1711637,22.71120849,30.614573652248456
45.64563625,0.15464067,27.12998718,13.218877286500632
39.37182111,0.23925666,23.73699016,9.594247808693526
41.33821799,0.13351475,27.71408821,2.59150892597245
38.26849067,0.12274723,27.60557869,8.368307368506164
46.87009881,0.18885824,26.47784085,13.891362311759195
388.2240847,0.94321566,26.38189891,8.348580626459203
46.77652634,0.20780752,30.27737708,8.505851320828146
123.52182449,0.69346233,28.85548244,7.098976379811293
67.05575831,0.35352479,32.47191696,12.575987136549172
43.00749629,0.17919428,19.13530204,2.21744854893701
39.3205512,0.28760515,24.36078079,2.0670464596562943
30.03913591,0.05118056,29.5370185,11.957418229926658
42.01084828,0.12177665,28.89141856,-1.8613465093094437
71.06873319,0.50622452,24.80475561,10.025332087137826
38.6157879,0.01309997,31.16936289,7.850543793420331
38.25386741,0.07959309,35.44132147,10.398918760420353
47.20836526,0.21847486,25.23073056,17.86647344274595
46.93777157,0.24201466,30.79475134,21.895512236574977
39.49519864,0.21957199,30.21260906,15.518695081450765
119.93239145,0.672675,28.49656648,-4.200253286026174
39.27725775,0.20185092,23.28844989,10.410104451109865
45.26460045,0.17175254,26.58892024,30.026573389281086
42.72096297,0.18547865,28.1625023,6.818865016837042
43.84758611,0.12156554,35.78235164,8.638055796750328
48.17032673,0.24842764,20.58148695,23.0951657779636
44.19822896,0.17265856,40.7529987,-3.0963988720740345
39.42822987,0.10518723,21.84385412,-2.973661149632086
30.0830523,0.09914303,33.72890731,3.2350318150364004
39.38954313,0.24368111,26.69290038,6.805361920222788
110.52366453,0.66476894,26.38652338,31.250408210678437
36.41240283,0.19732006,22.92233579,10.992986876437726
74.84729814,0.40462493,41.49108568,17.10415946526444
41.35460191,0.14783985,29.03866435,12.857115440035729
78.25519059,0.5017817,31.61244788,18.206661837127033
67.60848991,0.44400348,27.74563226,-4.042771920759032
39.14013066,0.23191211,23.54340397,10.081156410898732
62.51287699,0.41445776,26.16250629,9.67468763467905
43.60735406,0.14413456,35.38908798,5.107161135848436
41.72197475,0.07171201,25.97985265,12.202195364832695
41.91824087,0.12210522,23.22833371,18.41494064247442
45.54816435,0.16232553,25.41872246,11.901033101255694
42.824559,0.18892049,32.05830626,5.957414126774057
44.8503971,0.19120772,27.13170646,1.6901002179253146
103.64756732,0.63834957,32.47175909,19.421995665040154
129.56130325,0.69816479,31.19709833,28.06106108825871
75.80082381,0.54352804,24.04236006,35.91371317395717
41.73627667,0.09613596,23.14696035,52.658497717289265
41.82035303,0.12747128,25.98647637,5.305825227173229
62.40595888,0.31526793,31.22804792,17.03163914985712
39.49480885,0.32305383,24.45552249,5.2614447755174405
43.08458516,0.10824233,29.8170199,5.975754809147453
46.06160305,0.15849993,29.90931916,31.29734677469605
139.22037495,0.66573681,44.04427869,14.81088785801305
101.2856097,0.63517468,28.76649968,16.733907826476315
62.48442036,0.38345951,35.58336238,14.640126521114425
55.53467997,0.42130064,27.45887212,-1.422908713882542
46.1736573,0.14882733,31.18105152,7.634385928299809
57.65318399,0.34751487,29.96397311,28.27739302279881
45.33310075,0.13670212,25.72594903,1.8050989793645549
104.9369978,0.52191738,43.14911758,2.3291750913044016
47.94744621,0.15301721,30.00185119,1.5699230233787251
55.27100541,0.39771473,28.14884667,13.184907081513824
57.75816021,0.1639626,44.44303886,1.4742471673438236
55.3927513,0.33179485,10.72476225,12.083863497740976
46.12854853,0.15700876,29.36454112,12.137410320500782
55.66060351,0.35164,20.85249558,19.03647670669491
42.57351715,0.18280955,34.91693563,2.143619437165868
42.90383808,0.1635672,32.86492284,2.751420667760782
372.72665549,0.90470046,42.93373573,13.602474069546085
38.96223939,0.06730227,25.48448251,24.767681470037775
52.01283235,0.30488503,28.79140447,19.72978877060961
111.88265309,0.6719331,29.60367804,15.734601002202265
42.77541562,0.1258402,29.9086978,19.15230982187932
42.32727338,0.10709345,6.91170778,2.80155232361979
45.26787645,0.16528725,26.74356313,13.142804727813987
79.30063602,0.54591873,27.66046168,5.178116649154553
45.55684323,0.17681367,19.11315408,5.529170351294259
54.7883552,0.3010872,10.17948654,9.53860412163105
45.9008969,0.20920263,13.98321642,9.489563885950338
46.43956995,0.20055868,9.25218122,33.66442102914857
45.26106008,0.04275372,7.9527544,27.18829719371302
44.34322638,0.15439699,28.7241441,-1.6877757436322627
39.39568135,0.13184832,9.64976333,17.574996615657682
40.42260605,0.07822494,32.04797004,20.99027388514168
45.19689874,0.1091221,10.90119573,22.215657360685835
39.35996239,0.15679782,8.07469118,38.2118213495034
36.47682055,0.04929187,20.20306737,3.226063203682003
39.35891712,0.23037743,11.98364246,15.234977046432096
47.50739294,0.25511106,28.61234887,3.7385987654930677
43.5559669,0.1881103,10.59485916,31.627316826669855
36.48790469,0.1866646,17.55766787,26.046292698531452
62.06227574,0.3732756,18.47181932,8.39244812418423
55.68473761,0.31763359,11.59607404,4.916117583943543
42.30534861,0.24140821,13.39677001,30.459401977968366
43.55842565,0.14480568,7.41056962,18.881954590412935
65.15641722,0.44007661,28.55784973,16.21295660087558
178.08120742,0.80425742,18.24700809,12.415952954133216
85.74331658,0.60439754,22.90040985,10.472720955665677
47.71791298,0.15281574,8.52690308,42.121707253419075
335.25441945,0.89563816,23.53272162,19.946634865323585
40.730402,0.08793858,22.61466662,6.335761951639551
41.79745649,0.07363724,22.58657031,24.281078273889324
45.76319574,0.11770736,29.35061581,5.229556261370649
43.81243531,0.02518148,17.08843415,20.244087455529773
80.76581847,0.53691855,25.96327998,31.52999986193241
34.88304559,0.09938316,6.37308322,32.86047342474726
41.56957353,0.24842656,25.56732256,-0.9348030423181469
46.85767023,0.1687676,6.5602936,6.270131670441787
69.51041197,0.47213264,7.83954202,16.006274898275127
42.33398813,0.0499357,12.49106668,17.579179940116568
42.47864004,0.12354344,7.51282782,24.710015220891577
50.00896317,0.21407014,21.93723372,5.428050729884051
45.34798424,0.12332404,27.15879072,-3.22872390498683
41.51311245,0.15923724,26.75040863,23.84376228796156
42.64748397,0.02924755,37.08774962,1.1083462119547958
40.10680188,0.04160528,20.25569504,44.09778561488982
39.3436607,0.28724943,7.79408766,7.359405719073539
43.29915672,0.08580547,13.60014585,24.633667688184726
53.17174796,0.27313544,18.34030323,27.38694961924637
47.69811045,0.10550693,21.41891398,9.316528826306989
59.1980048,0.34634355,53.14970603,19.95193827579875
40.59433188,0.04512087,28.97071057,1.4328276659448569
41.87595533,0.09884451,28.2582103,10.921131342319768
36.51077615,0.10751294,11.70136309,5.408920014195855
52.40020607,0.36362525,20.87316326,16.77539815303881
48.32000367,0.32549844,37.01710852,4.583250618829995
55.44905352,0.35787735,32.11497102,11.230590097666994
43.75192109,0.28914019,22.47221461,6.626794834529956
41.27442627,0.13456867,31.50637524,6.88497454961766
99.1733666,0.44999508,36.37384487,20.531949030508073
42.62749131,0.06491785,5.790246,25.7947181929344
30.05744781,0.04855609,35.74458427,5.7179573723431565
45.87518813,0.19140333,28.42674318,23.377032858781764
61.17396158,0.39253737,33.50897022,12.867601099059547
39.34822741,0.28828649,13.35904446,10.856175138953951
26.46506583,0.42865868,35.7273033,5.585186411896432
45.18789406,0.11536639,9.00407494,35.76985946007144
90.49384546,0.57737329,32.16651185,7.507326421878227
55.35255498,0.42710197,24.03437296,12.774771725334105
38.74469802,0.10333855,38.39000444,6.7911753722583565
108.62037317,0.64716159,26.78459662,16.107464548800372
45.90195039,0.1639923,8.62422084,21.31832186321036
53.40969966,0.31624758,17.71753462,21.934763832672687
37.70764863,0.2362045,46.54088345,9.969808867017548
43.78338243,0.06504287,10.11127083,43.43003284573525
107.19415545,0.69318221,16.71324876,7.346150386092938
36.35421993,0.13239067,14.84314672,28.581171590182198
43.91893574,0.04698932,40.14345067,22.015604498414472
133.2806491,0.69274257,35.85805451,10.098484709324426
42.08244276,0.13267529,48.78493722,6.186408955170502
62.50426699,0.36236404,23.84136598,15.274813583698663
45.89551787,0.11440799,30.68769065,15.773693366571553
280.0916113,0.8475583,24.15750796,11.38990012957802
43.58270796,0.14017223,30.35329176,7.825471212173683
45.95287488,0.08375085,36.37207225,10.874311401950267
38.81302268,0.11684892,29.25880082,2.3762265879701197
39.41050442,0.24874268,16.60729909,8.5026838362879
76.67049829,0.5876757,30.75959076,15.47329367102344
43.11467053,0.22496917,39.10740003,6.874660159501447
66.67271809,0.45042979,31.27594538,7.1130359094922175
78.97046735,0.4880406,48.72177476,16.538972926818595
108.86089317,0.64184211,40.22811925,0.6241638692107636
41.63013193,0.06899776,24.4384473,23.338298786479516
38.02422084,0.13324561,26.71975986,10.401309576785033
53.01637877,0.32725465,24.45332256,11.563503092061689
40.84717608,0.02033911,22.98843114,18.385693005555076
47.06417888,0.14020418,35.89725043,3.9309304246630803
39.59686692,0.13943179,10.48096849,41.14542254165347
54.97516877,0.36144517,37.57801817,9.10280368838918
49.54596874,0.28677372,32.68994866,10.906718439679521
45.79053908,0.20493676,31.97537122,0.6382165385203001
94.09576474,0.61949169,27.7244003,9.358667470971085
46.73908777,0.20496195,26.58048606,-1.5025760674258017
69.21482287,0.5097102,28.27595625,12.065017574357405
41.29098803,0.13041192,28.19475418,25.85419881809542
64.85546027,0.47011216,29.10740808,21.765176831954797
47.00571328,0.22046613,28.92632609,2.9640298856743312
39.31226107,0.19880882,37.78936996,4.625107822030458
65.24969032,0.45603366,31.72488938,25.749667286511375
43.67196189,0.29083065,27.91605694,17.814600241999404
51.70558146,0.30781339,26.60891999,6.197562055533156
47.23764963,0.14795001,29.06371396,8.40325431201802
38.05399678,0.07312856,26.20163675,2.052802557444143
39.81615381,0.0558361,44.55230009,-1.7792499772088273
46.03210591,0.23248346,33.42957569,26.799047291662102
38.63700462,0.02870513,34.30673112,-3.825445152117943
30.15319202,0.10100938,30.80742758,12.452339023516954
64.39808103,0.50389015,31.9623593,-1.6974088275942372
75.02218534,0.35284594,36.2594484,16.914017305439057
65.88782092,0.4356039,27.03051927,19.5141215492892
43.28578509,0.11979643,29.65842676,-2.53146778128458
47.72274086,0.19221659,26.62700994,18.299477999428962
38.70661344,0.07164141,29.93433878,36.57564750647783
43.6253878,0.29702726,32.7634235,7.731938854518858
39.74499052,0.06350085,54.79159383,5.027423889502419
55.45673404,0.32523215,29.14625544,6.305795230892361
39.35099032,0.14411102,26.78944089,26.317343440988246
55.03267648,0.41708852,23.94130113,14.523906164046323
44.8384602,0.17778958,31.740488,9.857895791751885
46.52269805,0.14606751,30.17854911,7.147674029185034
40.81979244,0.15628113,24.00878263,5.855435362485431
53.47720388,0.35103627,62.86458272,-5.458819404243053
48.00238324,0.27301233,30.00482049,11.800345323602643
131.28134633,0.70063142,32.01413245,5.257166784040003
51.56684573,0.36122779,34.4325689,6.072018745564608
448.50388867,0.92140562,54.11066262,18.362812813299985
55.42918488,0.37481249,23.06024154,4.892245965567509
45.26450153,0.09078439,17.99394478,3.0891552548771704
41.87966871,0.13466791,26.12294238,27.132251638406046
64.75742656,0.45774237,24.80202281,16.296820226679586
43.76299628,0.26914286,18.95179586,8.2962982418434
55.64049486,0.36650326,21.9090645,-0.32349811397584655
55.3799797,0.38216547,25.97599715,21.38879650671828
52.98165217,0.31307298,24.70598591,23.697868025256028
45.9133013,0.17317045,21.52764268,52.0952948847334
40.53521107,0.09259434,25.37303995,1.4897188231366263
42.92375078,0.03580729,32.67635148,2.8366582583305178
54.98038246,0.32253174,29.03911833,8.390687316514171
42.9598141,0.01426403,12.08909088,21.01035617888058
34.84515533,0.04670081,7.12155655,9.209964929675271
41.77811538,0.04602814,15.18491541,25.94672066636628
40.22023921,0.06169508,35.37456035,-0.9092415568397159
164.76322349,0.79867431,23.4104818,15.06732454918657
45.45535384,0.16669256,27.52741395,13.740749314030296
46.13211296,0.18073178,14.33621169,15.198418036914351
40.88648062,0.06648983,14.78819022,29.185742856690013
43.64234273,0.16406892,10.62628549,27.341499501506313
71.93803814,0.48439925,37.93675881,34.90699412772851
66.75005924,0.58480083,24.13917605,28.089900713880954
51.49368997,0.2677231,32.12844921,11.331679401236377
55.35152976,0.44182747,14.60133296,12.262140641361757
69.27498393,0.46810978,16.68587667,13.739393004612948
40.30263066,0.02426564,16.96821057,9.207887626226679
49.55678412,0.23889805,23.59199879,10.507992025364816
185.27378652,0.77650019,37.02407055,9.839876450250529
51.35100307,0.29079025,52.13688902,-7.929593333489973
91.43790718,0.62422481,35.65483636,10.918232305978972
42.52619887,0.17953876,37.39063106,7.924083428007784
147.93237324,0.78786283,28.52993933,10.920979480474829
79.34394335,0.53808554,26.63031286,13.749463260483367
53.04688253,0.31439892,37.36658634,15.163333551573027
30.04438542,0.03626906,38.92274761,3.389679588295489
55.61789377,0.4072785,29.35003261,0.8892092771085729
42.21047638,0.19622656,52.29923272,-0.6297633473258079
49.94561688,0.2438581,42.40879553,11.94017530236172
76.71708504,0.59189945,28.98696157,5.953086325066152
40.14474888,0.16577713,23.14605584,7.459844185230309
42.22774839,0.14318227,12.28293761,30.8467608477355
45.4811497,0.18490871,7.05936855,18.206654235528447
42.01619123,0.03003569,28.56388007,7.650657151134779
44.59580842,0.12018056,6.39181373,30.382708495771944
42.37337941,0.0814703,6.24212895,35.10974756058264
38.30276833,0.04897595,35.08074886,12.401375831846204
46.51340387,0.20703722,27.89822124,23.27357201957255
33.16778,0.10834255,14.99015002,68.80653339305212
44.26294128,0.12302879,8.72017879,44.71848539604773
47.32373479,0.13891574,27.44485589,4.810538713947601
42.46168661,0.11208701,27.12610635,2.8151041501865643
48.62571779,0.24740388,27.65592717,16.656898989137048
47.33346338,0.16485829,23.56767019,-1.7329051244515405
43.71864087,0.0439949,8.89916273,49.20714234939678
43.69934761,0.15469632,5.74104554,34.256270491987586
43.6455107,0.29318251,16.94072912,3.806689710999869
93.15116839,0.63085312,24.4199542,7.940210477724988
59.80674324,0.33432574,15.61471593,25.79370354904823
171.52597389,0.79449225,16.97565509,14.832685216911786
42.28659601,0.18314818,7.95273888,3.7142145286637405
171.62588413,0.76719501,21.38753829,8.35930483657743
41.90742644,0.06322131,22.86087195,4.356274218092544
43.80156757,0.09724936,10.88653825,16.23376829923661
44.26719788,0.15741635,10.42290477,11.898301768857715
47.78899083,0.10444322,12.0401239,39.01608171275948
42.80971104,0.12452843,20.77678208,33.98006202477761
43.15587029,0.08479676,12.36715728,22.20809477782443
45.54663146,0.14499018,25.07857274,16.911694062009282
64.8834534,0.44386982,39.43600926,5.724936996576311
38.50564408,0.09721897,55.8755939,3.190460397530425
42.72565526,0.14034816,20.83945745,20.62279647702625
52.98783922,0.30777124,23.00849752,4.539847796137094
45.25214649,0.11174024,29.93771463,32.320806860156395
107.0536769,0.69394787,24.45469183,26.93135942690223
45.89171821,0.13948709,34.70484225,1.2192588432846887
44.45235292,0.19402095,19.76268686,17.635897504696384
46.67138736,0.23482701,20.52296615,7.5976041627777215
45.32846742,0.15531972,21.44912477,12.54986045052108
52.58230788,0.2735801,28.19156883,6.679015248739679
46.98595177,0.19793371,13.35579606,25.773246071112844
49.61090059,0.27073642,16.63392245,9.690488050763106
244.99312657,0.84043148,21.52668557,20.524437107950156
40.15506274,0.06554369,17.35654747,16.321612055975887
44.33848175,0.13752942,13.84926537,2.0653185743310787
69.49397983,0.55320799,26.77968126,11.847331867692331
43.44413726,0.14092422,16.04258343,3.291466566023271
39.2668521,0.21116997,16.90665473,23.086686052192967
233.00442741,0.84932945,13.22083283,16.701207416113263
37.80180253,0.06107625,21.3811442,5.124775228275613
36.34931412,0.06753486,15.31215887,6.546608829687458
43.6327886,0.27451683,20.64751585,-4.023343055793952
42.83502661,0.09409696,15.57337011,25.000271481762592
45.69646076,0.1985712,26.68160544,0.70327669792555
62.59879375,0.39566596,16.30618831,33.03046400602451
49.63878046,0.25690792,20.04200723,1.6209354714062734
43.14650983,0.1045511,17.53936708,30.704762538872743
36.35780564,0.11202084,22.70173238,8.420169917389146
46.58630026,0.58118898,18.73831544,35.26566025550245
79.75923646,0.55544193,28.91842715,8.379000349487905
40.62259595,0.24807655,15.0396889,-1.5191082620147036
73.14828973,0.47605191,28.49655707,15.644613225519516
37.99405537,0.03295425,27.79343386,7.676422082919716
59.46739772,0.35790241,19.16399056,4.40847937000816
45.59092472,0.18737647,23.3754108,15.240746824529111
44.91233507,0.26706724,13.59561137,17.30267594430149
36.38981909,0.19196014,30.38952537,13.320812024542942
46.29172801,0.17647512,13.53808738,31.36712541833256
50.63243736,0.30580336,36.06898955,8.319304756127343
45.58503169,0.25697325,26.39086496,-13.437686808853291
39.35152438,0.18201143,17.27339108,9.533185995118606
42.80094914,0.11417935,14.01497873,2.7774636727146045
69.41193174,0.48306714,25.45612882,5.209921126161601
46.96563577,0.22423194,21.23827443,23.58293060471316
53.23880473,0.38966382,16.55703128,7.908326323284674
39.3299028,0.18168904,36.67803247,7.233057213120237
41.93663238,0.1670314,31.69478728,4.77762531457064
42.71655432,0.06735657,28.88793466,10.972999958119347
48.85347316,0.24571734,25.66866736,23.54778935572539
44.23893288,0.16201642,24.16081099,23.08981145574764
41.57894273,0.11758504,24.83340812,20.461503549234862
47.90305269,0.20272307,16.07170187,32.8433694096275
83.05236845,0.61925479,14.03301685,21.988389520404155
43.52778376,0.15085524,28.70624419,1.5804565022653279
45.60047958,0.18604016,20.60209062,-4.622249881961012
46.44516578,0.11670732,34.3415632,10.838378905792833
50.19667058,0.26586315,23.09296476,8.204863231889659
45.87278343,0.16453676,33.27860319,17.14196284636435
45.95899324,0.21047242,16.89507099,18.420151491641388
88.29897818,0.54760598,30.62659294,9.585839396860148
143.91656623,0.74182584,11.93682828,29.60336402234943
18865.84168691,0.99941967,95.46698564,1.5435766911962265
